,,,,,,,,,,,,Bridging,Files,,
78-r5-90k-140k-merged-1032,,,,,,,,,,,,A0020B0033,4,,
Nucleo,Water,Water,A.acid,Bonding Type,,,,,,Which 2,,A0004B0035,8,,
A0001,-206,-8865,B0040,acc - acc,,A0001B0040,,3,,A0001B0040,,A0010B0031,7,,4+M3
A0002,-4955,-529,B0042,acc - don,,A0002B0042,,2,,A0002B0042,,A0024B0038,7,,
A0004,-6432,-529,B0042,acc - don,,A0004B0042,,2,,A0004B0042,,A0026B0038,4,,
A0003,-529,-8252,B0038,don - don,,A0003B0038,,1,,A0003B0038,,A0011B0030,8,,
A0003,-529,-8252,B0042,don - don,,A0003B0042,,2,,A0003B0042,,A0021B0030,5,,
A0026,-8252,-529,B0042,acc - don,,A0026B0042,,7,,A0026B0042,,A0010B0030,6,,
A0025,-8252,-529,B0042,don - don,,A0025B0042,,2,,A0025B0042,,A0025B0038,7,,
A0020,-4265,-550,B0033,acc - acc,,A0020B0033,,8,,A0020B0033,,A0008B0032,8,,
A0008,-7199,-550,B0033,acc - acc,,A0008B0033,,4,,A0008B0033,,A0025B0036,7,,
A0011,-4188,-797,B0029,acc - don,,A0011B0029,,5,,A0011B0029,,A0026B0042,6,,
A0027,-8858,-1550,B0042,don - don,,A0027B0042,,4,,A0027B0042,,A0021B0031,6,,
A0004,-6432,-5098,B0035,acc - acc,,A0004B0035,,8,,A0004B0035,,,,,
A0010,-6440,-7383,B0031,don - don,,A0010B0031,,14,,A0010B0031,,,,,
A0010,-6440,-7383,B0031,acc - don,,A0010B0031,,14,,A0010B0031,,,,,
A0021,-9227,-7199,B0032,acc - don,,A0021B0032,,3,,A0021B0032,,,,,
A0021,-9227,-7199,B0033,acc - acc,,A0021B0033,,5,,A0021B0033,,,,,
A0020,-9227,-7199,B0033,don - acc,,A0020B0033,,8,,A0020B0033,,,,,
A0020,-9227,-7199,B0032,don - don,,A0020B0032,,1,,A0020B0032,,,,,
A0021,-9227,-7383,B0031,acc - don,,A0021B0031,,6,,A0021B0031,,,,,
A0020,-9227,-7383,B0031,don - don,,A0020B0031,,3,,A0020B0031,,,,,
,,,,,,,,,,,,,,,
78-r5-90k-140k-merged-1035,,,,,,,,,,,,,,,
Nucleo,Water,Water,A.acid,Bonding Type,,,,,,,,,,,
A0020,-550,-4609,B0033,acc - acc,,A0020B0033,,8,,A0020B0033,,,,,
A0020,-550,-4609,B0034,acc - acc,,A0020B0034,,1,,A0020B0034,,,,,
A0020,-550,-7199,B0033,acc - acc,,A0020B0033,,8,,A0020B0033,,,,,
A0024,-4583,-2678,B0038,acc - don,,A0024B0038,,13,,A0024B0038,,,,,
A0024,-4583,-2678,B0041,acc - don,,A0024B0041,,2,,A0024B0041,,,,,
A0026,-8858,-2681,B0038,acc - don,,A0026B0038,,5,,A0026B0038,,,,,
A0027,-8858,-2681,B0038,don - don,,A0027B0038,,4,,A0027B0038,,,,,
A0012,-3707,-4188,B0029,don - don,,A0012B0029,,6,,A0012B0029,,,,,
A0024,-4583,-4039,B0035,acc - acc,,A0024B0035,,4,,A0024B0035,,,,,
A0024,-4039,-4583,B0038,acc - don,,A0024B0038,,13,,A0024B0038,,,,,
A0024,-4039,-4583,B0035,acc - acc,,A0024B0035,,4,,A0024B0035,,,,,
A0024,-4039,-5098,B0039,acc - don,,A0024B0039,,6,,A0024B0039,,,,,
A0004,-7275,-4039,B0035,acc - acc,,A0004B0035,,8,,A0004B0035,,,,,
A0005,-7275,-4039,B0035,don - acc,,A0005B0035,,2,,A0005B0035,,,,,
A0003,-6432,-5098,B0039,don - don,,A0003B0039,,3,,A0003B0039,,,,,
A0026,-8252,-5098,B0039,acc - don,,A0026B0039,,4,,A0026B0039,,,,,
A0010,-6440,-7383,B0031,don - don,,A0010B0031,,14,,A0010B0031,,,,,
A0010,-6440,-7383,B0031,acc - don,,A0010B0031,,14,,A0010B0031,,,,,
A0021,-9227,-7199,B0033,acc - acc,,A0021B0033,,5,,A0021B0033,,,,,
A0020,-9227,-7199,B0033,don - acc,,A0020B0033,,8,,A0020B0033,,,,,
,,,,,,,,0,,,,,,,
78-r5-90k-140k-merged-1414,,,,,,,,0,,,,,,,
Nucleo,Water,Water,A.acid,Bonding Type,,NucleoA.acid,,7,,NucleoA.acid,,,,,
A0027,-210,-8224,B0042,don - don,,A0027B0042,,4,,A0027B0042,,,,,
A0026,-8224,-210,B0038,acc - don,,A0026B0038,,5,,A0026B0038,,,,,
A0026,-210,-8224,B0042,acc - don,,A0026B0042,,7,,A0026B0042,,,,,
A0012,-422,-7060,B0029,don - don,,A0012B0029,,6,,A0012B0029,,,,,
A0011,-422,-7060,B0029,acc - don,,A0011B0029,,5,,A0011B0029,,,,,
A0011,-3412,-3643,B0030,acc - acc,,A0011B0030,,11,,A0011B0030,,,,,
A0011,-3412,-6938,B0030,acc - acc,,A0011B0030,,11,,A0011B0030,,,,,
A0011,-3412,-7060,B0029,acc - don,,A0011B0029,,5,,A0011B0029,,,,,
A0021,-6395,-3643,B0030,acc - acc,,A0021B0030,,8,,A0021B0030,,,,,
A0010,-6440,-3643,B0030,acc - acc,,A0010B0030,,12,,A0010B0030,,,,,
A0025,-4380,-6224,B0038,don - don,,A0025B0038,,12,,A0025B0038,,,,,
A0024,-4380,-6224,B0038,acc - don,,A0024B0038,,13,,A0024B0038,,,,,
A0025,-4380,-6224,B0038,acc - don,,A0025B0038,,12,,A0025B0038,,,,,
A0024,-7205,-6224,B0038,acc - don,,A0024B0038,,13,,A0024B0038,,,,,
A0026,-8224,-6224,B0038,acc - don,,A0026B0038,,5,,A0026B0038,,,,,
A0021,-6395,-6938,B0030,acc - acc,,A0021B0030,,8,,A0021B0030,,,,,
A0021,-6395,-9094,B0031,acc - don,,A0021B0031,,6,,A0021B0031,,,,,
A0008,-6815,-9661,B0032,acc - don,,A0008B0032,,14,,A0008B0032,,,,,
A0020,-6938,-8174,B0033,don - acc,,A0020B0033,,8,,A0020B0033,,,,,
A0004,-9420,-7205,B0035,acc - acc,,A0004B0035,,8,,A0004B0035,,,,,
A0009,-7660,-9094,B0031,acc - don,,A0009B0031,,1,,A0009B0031,,,,,
A0022,-7660,-9094,B0031,acc - don,,A0022B0031,,2,,A0022B0031,,,,,
A0022,-7696,-8174,B0033,don - acc,,A0022B0033,,3,,A0022B0033,,,,,
A0008,-7696,-8174,B0033,acc - acc,,A0008B0033,,4,,A0008B0033,,,,,
A0022,-7696,-9094,B0031,don - don,,A0022B0031,,2,,A0022B0031,,,,,
A0008,-7696,-9094,B0031,acc - don,,A0008B0031,,4,,A0008B0031,,,,,
,,,,,,,,0,,,,,,,
78-r5-90k-140k-merged-1415,,,,,,,,0,,,,,,,
Nucleo,Water,Water,A.acid,Bonding Type,,NucleoA.acid,,7,,NucleoA.acid,,,,,
A0002,-8224,-210,B0038,acc - don,,A0002B0038,,1,,A0002B0038,,,,,
A0026,-8224,-210,B0038,acc - don,,A0026B0038,,5,,A0026B0038,,,,,
A0026,-210,-8224,B0042,acc - don,,A0026B0042,,7,,A0026B0042,,,,,
A0011,-422,-7060,B0029,acc - don,,A0011B0029,,5,,A0011B0029,,,,,
A0025,-4380,-1330,B0041,acc - don,,A0025B0041,,1,,A0025B0041,,,,,
A0011,-3412,-6938,B0030,acc - acc,,A0011B0030,,11,,A0011B0030,,,,,
A0025,-6224,-4380,B0036,don - acc,,A0025B0036,,14,,A0025B0036,,,,,
A0025,-6224,-4380,B0038,don - don,,A0025B0038,,12,,A0025B0038,,,,,
A0025,-4380,-6224,B0039,acc - don,,A0025B0039,,8,,A0025B0039,,,,,
A0025,-4380,-6224,B0036,acc - acc,,A0025B0036,,14,,A0025B0036,,,,,
A0024,-7205,-4380,B0038,acc - don,,A0024B0038,,13,,A0024B0038,,,,,
A0024,-7205,-4380,B0036,acc - acc,,A0024B0036,,9,,A0024B0036,,,,,
A0025,-4380,-7205,B0035,acc - acc,,A0025B0035,,4,,A0025B0035,,,,,
A0021,-5881,-5060,B0036,acc - don,,A0021B0036,,3,,A0021B0036,,,,,
A0021,-5881,-6215,B0036,acc - don,,A0021B0036,,3,,A0021B0036,,,,,
A0025,-6224,-8224,B0042,don - don,,A0025B0042,,2,,A0025B0042,,,,,
A0002,-8224,-6224,B0039,acc - don,,A0002B0039,,2,,A0002B0039,,,,,
A0002,-8224,-6224,B0036,acc - acc,,A0002B0036,,1,,A0002B0036,,,,,
A0026,-8224,-6224,B0039,acc - don,,A0026B0039,,4,,A0026B0039,,,,,
A0026,-8224,-6224,B0036,acc - acc,,A0026B0036,,4,,A0026B0036,,,,,
A0020,-6395,-7696,B0033,don - acc,,A0020B0033,,8,,A0020B0033,,,,,
A0021,-6395,-7696,B0033,acc - acc,,A0021B0033,,5,,A0021B0033,,,,,
A0020,-6395,-9094,B0033,don - acc,,A0020B0033,,8,,A0020B0033,,,,,
A0021,-6395,-9094,B0033,acc - acc,,A0021B0033,,5,,A0021B0033,,,,,
A0010,-6440,-6938,B0030,don - acc,,A0010B0030,,12,,A0010B0030,,,,,
A0008,-6815,-7512,B0031,acc - don,,A0008B0031,,4,,A0008B0031,,,,,
A0008,-6815,-9661,B0032,acc - don,,A0008B0032,,14,,A0008B0032,,,,,
A0008,-6815,-9661,B0033,acc - acc,,A0008B0033,,4,,A0008B0033,,,,,
A0011,-7060,-6938,B0030,acc - acc,,A0011B0030,,11,,A0011B0030,,,,,
A0004,-9420,-7205,B0035,acc - acc,,A0004B0035,,8,,A0004B0035,,,,,
A0024,-7205,-9420,B0035,acc - acc,,A0024B0035,,4,,A0024B0035,,,,,
A0018,-8851,-9053,B0031,acc - acc,,A0018B0031,,1,,A0018B0031,,,,,
A0022,-9094,-9661,B0033,don - acc,,A0022B0033,,3,,A0022B0033,,,,,
A0022,-9094,-9661,B0032,don - don,,A0022B0032,,2,,A0022B0032,,,,,
A0008,-9094,-9661,B0032,acc - don,,A0008B0032,,14,,A0008B0032,,,,,
A0008,-9094,-9661,B0033,acc - acc,,A0008B0033,,4,,A0008B0033,,,,,
,,,,,,,,0,,,,,,,
78-r5-90k-140k-merged-1430,,,,,,,,0,,,,,,,
Nucleo,Water,Water,A.acid,Bonding Type,,NucleoA.acid,,7,,,,,,,
A0024,-1330,-703,B0038,acc - don,,A0024B0038,,13,,A0024B0038,,,,,
A0026,-858,-6756,B0039,acc - don,,A0026B0039,,4,,A0026B0039,,,,,
A0026,-858,-6756,B0036,acc - acc,,A0026B0036,,4,,A0026B0036,,,,,
A0024,-4380,-1330,B0038,acc - don,,A0024B0038,,13,,A0024B0038,,,,,
A0025,-4380,-1330,B0038,acc - don,,A0025B0038,,12,,A0025B0038,,,,,
A0024,-1330,-4380,B0038,acc - don,,A0024B0038,,13,,A0024B0038,,,,,
A0004,-2865,-5934,B0036,acc - acc,,A0004B0036,,7,,A0004B0036,,,,,
A0004,-2865,-7960,B0035,acc - acc,,A0004B0035,,8,,A0004B0035,,,,,
A0020,-6938,-3412,B0029,don - don,,A0020B0029,,1,,A0020B0029,,,,,
A0011,-3412,-6938,B0030,acc - acc,,A0011B0030,,11,,A0011B0030,,,,,
A0019,-3643,-8174,B0031,acc - acc,,A0019B0031,,2,,A0019B0031,,,,,
A0021,-6395,-3977,B0031,acc - don,,A0021B0031,,6,,A0021B0031,,,,,
A0010,-6440,-3977,B0031,acc - don,,A0010B0031,,14,,A0010B0031,,,,,
A0010,-6440,-3977,B0031,don - don,,A0010B0031,,14,,A0010B0031,,,,,
A0020,-6938,-3977,B0031,don - don,,A0020B0031,,3,,A0020B0031,,,,,
A0024,-4380,-6756,B0039,acc - don,,A0024B0039,,6,,A0024B0039,,,,,
A0024,-4380,-6756,B0036,acc - acc,,A0024B0036,,9,,A0024B0036,,,,,
A0025,-4380,-6756,B0039,acc - don,,A0025B0039,,8,,A0025B0039,,,,,
A0025,-4380,-6756,B0036,acc - acc,,A0025B0036,,14,,A0025B0036,,,,,
A0021,-8162,-5060,B0036,acc - don,,A0021B0036,,3,,A0021B0036,,,,,
A0012,-6532,-7909,B0029,don - don,,A0012B0029,,6,,A0012B0029,,,,,
A0008,-6815,-9053,B0032,acc - don,,A0008B0032,,14,,A0008B0032,,,,,
A0028,-8652,-8178,B0042,don - don,,A0028B0042,,2,,A0028B0042,,,,,
,,,,,,,,0,,,,,,,
78-r5-90k-140k-merged-1436,,,,,,,,0,,,,,,,
Nucleo,Water,Water,A.acid,Bonding Type,,,,0,,,,,,,
A0026,-6721,-210,B0038,acc - don,,A0026B0038,,5,,A0026B0038,,,,,
A0025,-6721,-210,B0038,don - don,,A0025B0038,,12,,A0025B0038,,,,,
A0019,-8961,-326,B0031,acc - acc,,A0019B0031,,2,,A0019B0031,,,,,
A0020,-8961,-326,B0031,don - acc,,A0020B0031,,3,,A0020B0031,,,,,
A0024,-4380,-858,B0036,acc - acc,,A0024B0036,,9,,A0024B0036,,,,,
A0025,-4380,-858,B0036,acc - acc,,A0025B0036,,14,,A0025B0036,,,,,
A0026,-6721,-858,B0036,acc - acc,,A0026B0036,,4,,A0026B0036,,,,,
A0025,-6721,-858,B0036,don - acc,,A0025B0036,,14,,A0025B0036,,,,,
A0024,-7960,-858,B0036,acc - acc,,A0024B0036,,9,,A0024B0036,,,,,
A0004,-8266,-858,B0036,acc - acc,,A0004B0036,,7,,A0004B0036,,,,,
A0004,-8266,-1431,B0036,acc - acc,,A0004B0036,,7,,A0004B0036,,,,,
A0008,-6815,-2434,B0032,acc - don,,A0008B0032,,14,,A0008B0032,,,,,
A0008,-6815,-2434,B0032,acc - acc,,A0008B0032,,14,,A0008B0032,,,,,
A0008,-9053,-2434,B0032,acc - don,,A0008B0032,,14,,A0008B0032,,,,,
A0008,-9053,-2434,B0032,acc - acc,,A0008B0032,,14,,A0008B0032,,,,,
A0012,-5531,-3412,B0029,don - don,,A0012B0029,,6,,A0012B0029,,,,,
A0011,-3412,-6938,B0030,acc - acc,,A0011B0030,,11,,A0011B0030,,,,,
A0021,-6395,-3977,B0031,acc - don,,A0021B0031,,6,,A0021B0031,,,,,
A0010,-6440,-3977,B0031,acc - don,,A0010B0031,,14,,A0010B0031,,,,,
A0010,-6440,-3977,B0031,don - don,,A0010B0031,,14,,A0010B0031,,,,,
A0021,-6395,-6938,B0030,acc - acc,,A0021B0030,,8,,A0021B0030,,,,,
A0021,-6395,-9053,B0032,acc - don,,A0021B0032,,3,,A0021B0032,,,,,
A0006,-7512,-6815,B0034,acc - don,,A0006B0034,,1,,A0006B0034,,,,,
A0004,-8266,-7960,B0035,acc - acc,,A0004B0035,,8,,A0004B0035,,,,,
,,,,,,,,0,,,,,,,
78-r5-90k-140k-merged-1439,,,,,,,,0,,,,,,,
Nucleo,Water,Water,A.acid,Bonding Type,,NucleoA.acid,,7,,NucleoA.acid,,,,,
A0019,-326,-6395,B0030,acc - acc,,A0019B0030,,1,,A0019B0030,,,,,
A0004,-1431,-858,B0039,acc - don,,A0004B0039,,2,,A0004B0039,,,,,
A0004,-1431,-858,B0036,acc - acc,,A0004B0036,,7,,A0004B0036,,,,,
A0025,-858,-4380,B0038,don - don,,A0025B0038,,12,,A0025B0038,,,,,
A0024,-4380,-858,B0039,acc - don,,A0024B0039,,6,,A0024B0039,,,,,
A0024,-4380,-858,B0036,acc - acc,,A0024B0036,,9,,A0024B0036,,,,,
A0025,-4380,-858,B0039,acc - don,,A0025B0039,,8,,A0025B0039,,,,,
A0025,-4380,-858,B0036,acc - acc,,A0025B0036,,14,,A0025B0036,,,,,
A0025,-4380,-858,B0036,don - acc,,A0025B0036,,14,,A0025B0036,,,,,
A0025,-4380,-858,B0039,don - don,,A0025B0039,,8,,A0025B0039,,,,,
A0025,-858,-7960,B0035,don - acc,,A0025B0035,,4,,A0025B0035,,,,,
A0025,-858,-7960,B0036,don - acc,,A0025B0036,,14,,A0025B0036,,,,,
A0024,-7960,-858,B0039,acc - don,,A0024B0039,,6,,A0024B0039,,,,,
A0024,-7960,-858,B0036,acc - acc,,A0024B0036,,9,,A0024B0036,,,,,
A0024,-4380,-1330,B0038,acc - don,,A0024B0038,,13,,A0024B0038,,,,,
A0025,-4380,-1330,B0038,acc - don,,A0025B0038,,12,,A0025B0038,,,,,
A0025,-4380,-1330,B0038,don - don,,A0025B0038,,12,,A0025B0038,,,,,
A0004,-1431,-7960,B0035,acc - acc,,A0004B0035,,8,,A0004B0035,,,,,
A0004,-1431,-7960,B0036,acc - acc,,A0004B0036,,7,,A0004B0036,,,,,
A0022,-1477,-2451,B0036,acc - don,,A0022B0036,,1,,A0022B0036,,,,,
A0022,-1477,-7030,B0037,acc - acc,,A0022B0037,,1,,A0022B0037,,,,,
A0001,-1718,-4003,B0039,acc - acc,,A0001B0039,,5,,A0001B0039,,,,,
A0001,-1718,-5820,B0042,acc - don,,A0001B0042,,7,,A0001B0042,,,,,
A0008,-6815,-2434,B0032,acc - acc,,A0008B0032,,14,,A0008B0032,,,,,
A0011,-3412,-9366,B0030,acc - acc,,A0011B0030,,11,,A0011B0030,,,,,
A0010,-6440,-3977,B0031,acc - don,,A0010B0031,,14,,A0010B0031,,,,,
A0010,-6440,-3977,B0030,acc - acc,,A0010B0030,,12,,A0010B0030,,,,,
A0010,-6440,-3977,B0030,don - acc,,A0010B0030,,12,,A0010B0030,,,,,
A0010,-6440,-3977,B0031,don - don,,A0010B0031,,14,,A0010B0030,,,,,
A0021,-6938,-3977,B0031,acc - don,,A0021B0031,,6,,A0021B0031,,,,,
A0021,-6938,-3977,B0030,acc - acc,,A0021B0030,,8,,A0021B0030,,,,,
A0025,-4380,-7960,B0035,don - acc,,A0025B0035,,4,,A0025B0035,,,,,
A0025,-4380,-7960,B0036,don - acc,,A0025B0036,,14,,A0025B0036,,,,,
A0024,-7960,-4380,B0038,acc - don,,A0024B0038,,13,,A0024B0038,,,,,
A0024,-4380,-7960,B0035,acc - acc,,A0024B0035,,4,,A0024B0035,,,,,
A0024,-4380,-7960,B0036,acc - acc,,A0024B0036,,9,,A0024B0036,,,,,
A0025,-4380,-7960,B0035,acc - acc,,A0025B0035,,4,,A0025B0035,,,,,
A0025,-4380,-7960,B0036,acc - acc,,A0025B0036,,14,,A0025B0036,,,,,
A0021,-6938,-6395,B0030,acc - acc,,A0021B0030,,8,,A0021B0030,,,,,
A0020,-6395,-9366,B0030,don - acc,,A0020B0030,,2,,A0020B0030,,,,,
A0008,-6815,-7512,B0034,acc - don,,A0008B0034,,2,,A0008B0034,,,,,
A0008,-6815,-9053,B0032,acc - don,,A0008B0032,,14,,A0008B0032,,,,,
A0008,-6815,-9053,B0032,acc - acc,,A0008B0032,,14,,A0008B0032,,,,,
A0021,-6938,-9366,B0030,acc - acc,,A0021B0030,,8,,A0021B0030,,,,,
,,,,,,,,0,,,,,,,
78-r5-90k-140k-merged-1461,,,,,,,,0,,,,,,,
Nucleo,Water,Water,A.acid,Bonding Type,,NucleoA.acid,,7,,NucleoA.acid,,,,,
A0025,-730,-1330,B0038,don - don,,A0025B0038,,12,,A0025B0038,,,,,
A0024,-730,-1330,B0038,acc - don,,A0024B0038,,13,,A0024B0038,,,,,
A0025,-730,-1330,B0038,acc - don,,A0025B0038,,12,,A0025B0038,,,,,
A0025,-730,-6756,B0036,don - acc,,A0025B0036,,14,,A0025B0036,,,,,
A0025,-730,-6756,B0039,don - don,,A0025B0039,,8,,A0025B0039,,,,,
A0024,-730,-6756,B0039,acc - don,,A0024B0039,,6,,A0024B0039,,,,,
A0024,-730,-6756,B0036,acc - acc,,A0024B0036,,9,,A0024B0036,,,,,
A0025,-730,-6756,B0039,acc - don,,A0025B0039,,8,,A0025B0039,,,,,
A0025,-730,-6756,B0036,acc - acc,,A0025B0036,,14,,A0025B0036,,,,,
A0003,-858,-2866,B0039,don - acc,,A0003B0039,,3,,A0003B0039,,,,,
A0026,-7960,-858,B0042,acc - don,,A0026B0042,,7,,A0026B0042,,,,,
A0003,-7960,-858,B0042,don - don,,A0003B0042,,2,,A0003B0042,,,,,
A0004,-8332,-858,B0042,acc - don,,A0004B0042,,2,,A0004B0042,,,,,
A0010,-3217,-1210,B0030,don - acc,,A0010B0030,,12,,A0010B0030,,,,,
A0010,-3217,-1210,B0031,don - don,,A0010B0031,,14,,A0010B0031,,,,,
A0008,-6440,-1210,B0031,acc - don,,A0008B0031,,4,,A0008B0031,,,,,
A0008,-6440,-1210,B0030,acc - acc,,A0008B0030,,2,,A0008B0030,,,,,
A0010,-6440,-1210,B0031,acc - don,,A0010B0031,,14,,A0010B0031,,,,,
A0010,-6440,-1210,B0030,acc - acc,,A0010B0030,,12,,A0010B0030,,,,,
A0008,-6440,-1210,B0030,don - acc,,A0008B0030,,2,,A0008B0030,,,,,
A0008,-6440,-1210,B0031,don - don,,A0008B0031,,4,,A0008B0031,,,,,
A0024,-1330,-2772,B0038,acc - don,,A0024B0038,,13,,A0024B0038,,,,,
A0024,-1330,-2772,B0041,acc - don,,A0024B0041,,2,,A0024B0041,,,,,
A0004,-1610,-8292,B0034,acc - don,,A0004B0034,,3,,A0004B0034,,,,,
A0001,-1729,-3364,B0042,acc - don,,A0001B0042,,7,,A0001B0042,,,,,
A0001,-9245,-1729,B0042,acc - don,,A0001B0042,,7,,A0001B0042,,,,,
A0001,-9245,-1729,B0039,acc - acc,,A0001B0039,,5,,A0001B0039,,,,,
A0001,-9245,-1729,B0039,don - acc,,A0001B0039,,5,,A0001B0039,,,,,
A0001,-9245,-1729,B0042,don - don,,A0001B0042,,7,,A0001B0042,,,,,
A0021,-3977,-2588,B0033,acc - acc,,A0021B0033,,5,,A0021B0033,,,,,
A0020,-6938,-3217,B0030,don - acc,,A0020B0030,,2,,A0020B0030,,,,,
A0010,-3217,-9366,B0029,don - don,,A0010B0029,,2,,A0010B0029,,,,,
A0011,-9366,-3217,B0030,acc - acc,,A0011B0030,,11,,A0011B0030,,,,,
A0028,-4268,-4891,B0042,don - don,,A0028B0042,,2,,A0028B0042,,,,,
A0001,-4268,-4891,B0042,acc - don,,A0001B0042,,7,,A0001B0042,,,,,
A0002,-4268,-4891,B0042,acc - don,,A0002B0042,,2,,A0002B0042,,,,,
A0027,-6145,-4891,B0042,don - don,,A0027B0042,,4,,A0027B0042,,,,,
A0026,-6469,-4891,B0042,acc - don,,A0026B0042,,7,,A0026B0042,,,,,
A0027,-6145,-6469,B0038,don - don,,A0027B0038,,4,,A0027B0038,,,,,
A0008,-6740,-8680,B0032,acc - acc,,A0008B0032,,14,,A0008B0032,,,,,
A0026,-7960,-6756,B0039,acc - don,,A0026B0039,,4,,A0026B0039,,,,,
A0026,-7960,-6756,B0036,acc - acc,,A0026B0036,,4,,A0026B0036,,,,,
A0003,-7960,-6756,B0036,don - acc,,A0003B0036,,1,,A0003B0036,,,,,
A0003,-7960,-6756,B0039,don - don,,A0003B0039,,3,,A0003B0039,,,,,
A0004,-8332,-6756,B0039,acc - don,,A0004B0039,,2,,A0004B0039,,,,,
A0004,-8332,-6756,B0036,acc - acc,,A0004B0036,,7,,A0004B0036,,,,,
,,,,,,,,,,,,,,,
78-r5-90k-140k-merged-1463,,,,,,,,,,,,,,,
Nucleo,Water,Water,A.acid,Bonding Type,,NucleoA.acid,,7,,NucleoA.acid,,,,,
A0001,-3364,-1145,B0040,acc - acc,,A0001B0040,,3,,A0001B0040,,,,,
A0001,-4762,-1145,B0040,acc - acc,,A0001B0040,,3,,A0001B0040,,,,,
A0021,-3977,-1210,B0031,acc - don,,A0021B0031,,6,,A0021B0031,,,,,
A0021,-3977,-1210,B0030,acc - acc,,A0021B0030,,8,,A0021B0030,,,,,
A0010,-6440,-1210,B0031,acc - don,,A0010B0031,,14,,A0010B0031,,,,,
A0010,-6440,-1210,B0030,acc - acc,,A0010B0030,,12,,A0010B0030,,,,,
A0010,-6440,-1210,B0030,don - acc,,A0010B0030,,12,,A0010B0030,,,,,
A0010,-6440,-1210,B0031,don - don,,A0010B0031,,14,,A0010B0031,,,,,
A0004,-8292,-1610,B0035,acc - acc,,A0004B0035,,8,,A0004B0035,,,,,
A0005,-8292,-1610,B0035,don - acc,,A0005B0035,,2,,A0005B0035,,,,,
A0001,-9245,-1729,B0042,acc - don,,A0001B0042,,7,,A0001B0042,,,,,
A0001,-9245,-1729,B0039,acc - acc,,A0001B0039,,5,,A0001B0039,,,,,
A0002,-1729,-9245,B0039,acc - acc,,A0002B0039,,2,,A0002B0039,,,,,
A0011,-9366,-3217,B0030,acc - acc,,A0011B0030,,11,,A0011B0030,,,,,
A0010,-9366,-3217,B0030,don - acc,,A0010B0030,,12,,A0010B0030,,,,,
A0027,-4096,-6469,B0038,don - don,,A0027B0038,,4,,A0027B0038,,,,,
A0028,-4096,-6469,B0038,don - don,,A0028B0038,,1,,A0028B0038,,,,,
A0026,-6469,-4891,B0042,acc - don,,A0026B0042,,7,,A0026B0042,,,,,
A0027,-6469,-4891,B0042,don - don,,A0027B0042,,4,,A0027B0042,,,,,
A0022,-5097,-5879,B0033,don - acc,,A0022B0033,,3,,A0022B0033,,,,,
A0004,-6756,-6650,B0036,acc - acc,,A0004B0036,,7,,A0004B0036,,,,,
A0008,-9053,-6740,B0032,acc - acc,,A0008B0032,,14,,A0008B0032,,,,,
,,,,,,,,,,,,,,,
78-r5-90k-140k-merged-1469,,,,,,,,,,,,,,,
Nucleo,Water,Water,A.acid,Bonding Type,,NucleoA.acid,,7,,NucleoA.acid,,,,,
A0012,-187,-7567,B0029,don - don,,A0012B0029,,6,,A0012B0029,,,,,
A0012,-187,-9366,B0029,don - don,,A0012B0029,,6,,A0012B0029,,,,,
A0025,-730,-6756,B0036,don - acc,,A0025B0036,,14,,A0025B0036,,,,,
A0025,-730,-6756,B0038,don - don,,A0025B0038,,12,,A0025B0038,,,,,
A0025,-730,-6756,B0039,don - don,,A0025B0039,,8,,A0025B0039,,,,,
A0024,-730,-6756,B0038,acc - don,,A0024B0038,,13,,A0024B0038,,,,,
A0024,-730,-6756,B0039,acc - don,,A0024B0039,,6,,A0024B0039,,,,,
A0024,-730,-6756,B0036,acc - acc,,A0024B0036,,9,,A0024B0036,,,,,
A0025,-730,-6756,B0038,acc - don,,A0025B0038,,12,,A0025B0038,,,,,
A0025,-730,-6756,B0039,acc - don,,A0025B0039,,8,,A0025B0039,,,,,
A0025,-730,-6756,B0036,acc - acc,,A0025B0036,,14,,A0025B0036,,,,,
A0004,-7647,-1914,B0034,acc - don,,A0004B0034,,3,,A0004B0034,,,,,
A0005,-7647,-1914,B0034,don - don,,A0005B0034,,1,,A0005B0034,,,,,
A0022,-2451,-7763,B0032,don - don,,A0022B0032,,2,,A0022B0032,,,,,
A0004,-8208,-2826,B0034,don - don,,A0004B0034,,3,,A0004B0034,,,,,
A0010,-6440,-3977,B0030,acc - acc,,A0010B0030,,12,,A0010B0030,,,,,
A0010,-6440,-3977,B0030,don - acc,,A0010B0030,,12,,A0010B0030,,,,,
A0010,-3977,-9053,B0030,don - acc,,A0010B0030,,12,,A0010B0030,,,,,
A0021,-9053,-3977,B0030,acc - acc,,A0021B0030,,8,,A0021B0030,,,,,
A0011,-3977,-9053,B0030,acc - acc,,A0011B0030,,11,,A0011B0030,,,,,
A0010,-3977,-9366,B0029,don - don,,A0010B0029,,2,,A0010B0029,,,,,
A0011,-9366,-3977,B0030,acc - acc,,A0011B0030,,11,,A0011B0030,,,,,
A0011,-3977,-9366,B0029,acc - don,,A0011B0029,,5,,A0011B0029,,,,,
A0001,-4326,-8565,B0042,acc - don,,A0001B0042,,7,,A0001B0042,,,,,
A0001,-4326,-8565,B0039,acc - acc,,A0001B0039,,5,,A0001B0039,,,,,
A0027,-5958,-6469,B0038,don - don,,A0027B0038,,4,,A0027B0038,,,,,
A0026,-6469,-5958,B0042,acc - don,,A0026B0042,,7,,A0026B0042,,,,,
A0008,-6815,-7763,B0032,acc - don,,A0008B0032,,14,,A0008B0032,,,,,
A0008,-9498,-7512,B0034,acc - don,,A0008B0034,,2,,A0008B0034,,,,,
A0021,-9053,-7763,B0032,acc - don,,A0021B0032,,3,,A0021B0032,,,,,
,,,,,,,,59,,,,,,,
78-r5-90k-140k-merged-1471,,,,,,,,,,,,,,,
Nucleo,Water,Water,A.acid,Bonding Type,,,,,,,,,,,
A0001,-163,-2453,B0042,acc - don,,,,,,,,,,,
A0026,-6469,-730,B0038,acc - don,,,,,,,,,,,
A0025,-6469,-730,B0038,don - don,,,,,,,,,,,
A0010,-6440,-1210,B0031,acc - don,,,,,,,,,,,
A0010,-6440,-1210,B0031,don - don,,,,,,,,,,,
A0021,-9053,-1210,B0031,acc - don,,,,,,,,,,,
A0006,-6815,-1229,B0032,acc - acc,,,,,,,,,,,
A0008,-6815,-1229,B0032,acc - acc,,,,,,,,,,,
A0004,-7647,-1914,B0034,acc - don,,,,,,,,,,,
A0005,-7647,-1914,B0034,don - don,,,,,,,,,,,
A0004,-7647,-3543,B0034,acc - acc,,,,,,,,,,,
A0005,-7647,-3543,B0034,don - acc,,,,,,,,,,,
A0021,-9053,-3977,B0030,acc - acc,,,,,,,,,,,
A0020,-3977,-9366,B0029,don - don,,,,,,,,,,,
A0011,-9366,-3977,B0030,acc - acc,,,,,,,,,,,
A0026,-4096,-5958,B0042,acc - don,,,,,,,,,,,
A0026,-6469,-4096,B0038,acc - don,,,,,,,,,,,
A0025,-6469,-4096,B0038,don - don,,,,,,,,,,,
A0019,-6568,-9366,B0029,acc - don,,,,,,,,,,,
A0003,-6654,-6756,B0036,don - acc,,,,,,,,,,,
A0003,-6654,-6756,B0039,don - don,,,,,,,,,,,
A0003,-7960,-6756,B0036,don - acc,,,,,,,,,,,
A0003,-7960,-6756,B0039,don - don,,,,,,,,,,,
A0006,-6815,-7512,B0034,acc - don,,,,,,,,,,,
A0008,-6815,-7512,B0034,acc - don,,,,,,,,,,,
,,,,,,,,,,,,,,,
78-r5-90k-140k-merged-1474,,,,,,,,,,,,,,,
Nucleo,Water,Water,A.acid,Bonding Type,,,,,,,,,,,
A0008,-167,-7763,B0032,acc - don,,,,,,,,,,,
A0001,-421,-374,B0040,acc - acc,,,,,,,,,,,
A0001,-421,-1273,B0042,acc - don,,,,,,,,,,,
A0001,-421,-1273,B0039,acc - acc,,,,,,,,,,,
A0013,-6868,-3390,B0029,acc - don,,,,,,,,,,,
A0019,-6868,-3390,B0029,acc - don,,,,,,,,,,,
A0018,-6868,-3390,B0029,don - don,,,,,,,,,,,
A0018,-3567,-4433,B0029,acc - don,,,,,,,,,,,
A0020,-3977,-9053,B0030,don - acc,,,,,,,,,,,
A0020,-3977,-9053,B0031,don - don,,,,,,,,,,,
A0021,-3977,-9053,B0031,acc - don,,,,,,,,,,,
A0021,-3977,-9053,B0030,acc - acc,,,,,,,,,,,
A0020,-3977,-9366,B0029,don - don,,,,,,,,,,,
A0021,-3977,-9366,B0029,acc - don,,,,,,,,,,,
A0027,-4096,-5958,B0042,don - don,,,,,,,,,,,
A0026,-4096,-5958,B0042,acc - don,,,,,,,,,,,
A0026,-6469,-4096,B0038,acc - don,,,,,,,,,,,
A0021,-5680,-5591,B0036,don - don,,,,,,,,,,,
A0028,-6130,-5958,B0042,don - don,,,,,,,,,,,
A0004,-6049,-6756,B0036,acc - acc,,,,,,,,,,,
A0019,-6568,-9366,B0029,acc - don,,,,,,,,,,,
,,,,,,,,,,,,,,,
78-r5-90k-140k-merged-1475,,,,,,,,,,,,,,,
Nucleo,Water,Water,A.acid,Bonding Type,,,,,,,,,,,
A0017,-138,-5911,B0029,don - don,,,,,,,,,,,
A0017,-138,-5911,B0029,acc - don,,,,,,,,,,,
A0022,-7763,-167,B0033,don - acc,,,,,,,,,,,
A0022,-7763,-167,B0032,don - don,,,,,,,,,,,
A0001,-3548,-374,B0040,acc - acc,,,,,,,,,,,
A0020,-2451,-709,B0033,acc - don,,,,,,,,,,,
A0025,-6049,-730,B0038,don - don,,,,,,,,,,,
A0004,-4445,-1914,B0036,acc - acc,,,,,,,,,,,
A0020,-2451,-3543,B0033,acc - acc,,,,,,,,,,,
A0018,-3567,-6436,B0029,don - don,,,,,,,,,,,
A0018,-3567,-6436,B0029,acc - don,,,,,,,,,,,
A0027,-5958,-3777,B0038,don - don,,,,,,,,,,,
A0022,-7763,-3977,B0030,don - acc,,,,,,,,,,,
A0020,-3977,-9366,B0029,don - don,,,,,,,,,,,
A0011,-9366,-3977,B0030,acc - acc,,,,,,,,,,,
A0021,-3977,-9366,B0029,acc - don,,,,,,,,,,,
A0027,-5958,-4096,B0038,don - don,,,,,,,,,,,
A0002,-6469,-4096,B0038,acc - don,,,,,,,,,,,
A0026,-6469,-4096,B0038,acc - don,,,,,,,,,,,
A0004,-4445,-6654,B0034,acc - don,,,,,,,,,,,
A0014,-6868,-6436,B0029,don - don,,,,,,,,,,,
A0019,-6568,-9366,B0029,acc - don,,,,,,,,,,,
A0005,-6654,-7647,B0034,don - don,,,,,,,,,,,
A0008,-9498,-7512,B0034,acc - don,,,,,,,,,,,
A0022,-7763,-9053,B0030,don - acc,,,,,,,,,,,
A0022,-7763,-9053,B0031,don - don,,,,,,,,,,,
,,,,,,,,,,,,,,,
78-r5-90k-140k-merged-1476,,,,,,,,,,,,,,,
Nucleo,Water,Water,A.acid,Bonding Type,,,,,,,,,,,
A0008,-7763,-167,B0032,acc - don,,,,,,,,,,,
A0025,-730,-6049,B0038,don - don,,,,,,,,,,,
A0024,-730,-6049,B0038,acc - don,,,,,,,,,,,
A0025,-730,-6049,B0038,acc - don,,,,,,,,,,,
A0021,-3977,-1210,B0030,acc - acc,,,,,,,,,,,
A0005,-6654,-1914,B0034,don - acc,,,,,,,,,,,
A0005,-6654,-1914,B0035,don - acc,,,,,,,,,,,
A0021,-3977,-9053,B0031,acc - don,,,,,,,,,,,
A0021,-3977,-9053,B0030,acc - acc,,,,,,,,,,,
A0026,-6469,-4096,B0038,acc - don,,,,,,,,,,,
A0004,-4445,-8729,B0036,acc - acc,,,,,,,,,,,
A0019,-6568,-5039,B0029,acc - don,,,,,,,,,,,
A0026,-6469,-6049,B0038,acc - don,,,,,,,,,,,
A0026,-6469,-7960,B0042,acc - don,,,,,,,,,,,
A0005,-6654,-8292,B0034,don - don,,,,,,,,,,,
A0008,-7763,-9498,B0032,acc - acc,,,,,,,,,,,
,,,,,,,,,,,,,,,
78-r5-90k-140k-merged-1478,,,,,,,,,,,,,,,
Nucleo,Water,Water,A.acid,Bonding Type,,,,,,,,,,,
A0008,-167,-7512,B0034,acc - don,,,,,,,,,,,
A0024,-730,-8729,B0038,acc - don,,,,,,,,,,,
A0024,-730,-8729,B0039,acc - don,,,,,,,,,,,
A0024,-730,-8729,B0036,acc - acc,,,,,,,,,,,
A0025,-730,-8729,B0038,acc - don,,,,,,,,,,,
A0025,-730,-8729,B0039,acc - don,,,,,,,,,,,
A0025,-730,-8729,B0036,acc - acc,,,,,,,,,,,
A0026,-6469,-4096,B0038,acc - don,,,,,,,,,,,
A0010,-6440,-9053,B0030,don - acc,,,,,,,,,,,
A0010,-6440,-9053,B0030,acc - acc,,,,,,,,,,,
A0020,-6568,-9053,B0030,don - acc,,,,,,,,,,,
A0021,-6568,-9053,B0030,acc - acc,,,,,,,,,,,
A0010,-9053,-9366,B0029,don - don,,,,,,,,,,,
A0011,-9366,-9053,B0030,acc - acc,,,,,,,,,,,
A0010,-9366,-9053,B0030,don - acc,,,,,,,,,,,
A0012,-9366,-9053,B0030,don - acc,,,,,,,,,,,
,,,,,,,,,,,,,,,
78-r5-90k-140k-merged-1489,,,,,,,,,,,,,,,
Nucleo,Water,Water,A.acid,Bonding Type,,,,,,,,,,,
A0010,-300,-6568,B0030,don - acc,,,,,,,,,,,
A0020,-6568,-300,B0029,don - don,,,,,,,,,,,
A0011,-300,-6568,B0030,acc - acc,,,,,,,,,,,
A0022,-461,-2451,B0033,don - acc,,,,,,,,,,,
A0022,-461,-7313,B0033,don - acc,,,,,,,,,,,
A0022,-461,-7313,B0033,don - don,,,,,,,,,,,
A0003,-1480,-9305,B0034,acc - don,,,,,,,,,,,
A0001,-2978,-2036,B0040,acc - acc,,,,,,,,,,,
A0021,-6501,-2451,B0033,acc - acc,,,,,,,,,,,
A0005,-2983,-4445,B0034,don - acc,,,,,,,,,,,
A0005,-2983,-4445,B0035,don - acc,,,,,,,,,,,
A0004,-2983,-4445,B0034,acc - acc,,,,,,,,,,,
A0004,-2983,-4445,B0035,acc - acc,,,,,,,,,,,
A0006,-3337,-3025,B0032,acc - acc,,,,,,,,,,,
A0008,-3337,-3025,B0032,acc - acc,,,,,,,,,,,
A0008,-7763,-3025,B0032,acc - acc,,,,,,,,,,,
A0006,-3337,-7512,B0034,acc - don,,,,,,,,,,,
A0008,-3337,-7512,B0034,acc - don,,,,,,,,,,,
A0019,-5911,-4260,B0032,acc - don,,,,,,,,,,,
A0021,-6501,-4260,B0032,acc - don,,,,,,,,,,,
A0020,-6568,-4260,B0032,don - don,,,,,,,,,,,
A0002,-5658,-7191,B0039,acc - don,,,,,,,,,,,
A0010,-6440,-9053,B0031,don - don,,,,,,,,,,,
A0010,-6440,-9053,B0031,acc - don,,,,,,,,,,,
A0021,-6501,-6568,B0030,acc - acc,,,,,,,,,,,
A0021,-6501,-8476,B0033,acc - acc,,,,,,,,,,,
A0020,-6568,-9053,B0031,don - don,,,,,,,,,,,
A0004,-7647,-7191,B0039,acc - don,,,,,,,,,,,
A0025,-7647,-7191,B0039,don - don,,,,,,,,,,,
A0026,-8487,-7191,B0039,acc - don,,,,,,,,,,,
A0008,-7763,-8476,B0033,acc - acc,,,,,,,,,,,
A0022,-8454,-8476,B0033,don - acc,,,,,,,,,,,
A0021,-8454,-8476,B0033,acc - acc,,,,,,,,,,,
A0022,-8454,-9053,B0031,don - don,,,,,,,,,,,
A0021,-8454,-9053,B0031,acc - don,,,,,,,,,,,
A0026,-8487,-8729,B0042,acc - don,,,,,,,,,,,
,,,,,,,,,,,,,,,
78-r5-90k-140k-merged-1507,,,,,,,,,,,,,,,
Nucleo,Water,Water,A.acid,Bonding Type,,,,,,,,,,,
A0027,-4231,-1240,B0038,don - don,,,,,,,,,,,
A0026,-1240,-5238,B0042,acc - don,,,,,,,,,,,
A0021,-8454,-2357,B0030,acc - acc,,,,,,,,,,,
A0020,-8454,-2357,B0030,don - acc,,,,,,,,,,,
A0008,-7512,-3451,B0032,acc - acc,,,,,,,,,,,
A0003,-9812,-5238,B0042,don - don,,,,,,,,,,,
A0008,-7512,-6501,B0032,acc - don,,,,,,,,,,,
A0008,-7512,-6501,B0033,acc - acc,,,,,,,,,,,
A0024,-8487,-8114,B0039,acc - don,,,,,,,,,,,
A0024,-8487,-8114,B0036,acc - acc,,,,,,,,,,,
A0025,-8487,-8114,B0036,don - acc,,,,,,,,,,,
A0025,-8487,-8114,B0039,don - don,,,,,,,,,,,
,,,,,,,,,,,,,,,
78-r5-90k-140k-merged-1509,,,,,,,,,,,,,,,
Nucleo,Water,Water,A.acid,Bonding Type,,,,,,,,,,,
A0026,-1240,-102,B0042,acc - don,,,,,,,,,,,
A0001,-1594,-102,B0042,acc - don,,,,,,,,,,,
A0027,-8264,-102,B0042,don - don,,,,,,,,,,,
A0026,-1240,-4231,B0038,acc - don,,,,,,,,,,,
A0001,-1378,-1831,B0042,acc - don,,,,,,,,,,,
A0021,-8454,-2357,B0030,acc - acc,,,,,,,,,,,
A0011,-8358,-3185,B0029,acc - don,,,,,,,,,,,
A0012,-8358,-3185,B0029,don - don,,,,,,,,,,,
A0008,-7512,-3451,B0032,acc - acc,,,,,,,,,,,
A0004,-8114,-3791,B0036,acc - acc,,,,,,,,,,,
A0024,-8114,-3791,B0036,acc - acc,,,,,,,,,,,
A0024,-8487,-5711,B0041,acc - don,,,,,,,,,,,
A0025,-8487,-5711,B0041,don - don,,,,,,,,,,,
A0008,-7512,-6501,B0032,acc - don,,,,,,,,,,,
A0008,-7512,-6501,B0032,acc - acc,,,,,,,,,,,
A0020,-7485,-8393,B0033,acc - acc,,,,,,,,,,,
A0004,-8114,-8487,B0038,acc - don,,,,,,,,,,,
A0024,-8114,-8487,B0038,acc - don,,,,,,,,,,,
A0022,-8393,-8532,B0033,don - acc,,,,,,,,,,,
,,,,,,,,,,,,,,,
78-r5-90k-140k-merged-1511,,,,,,,,,,,,,,,
Nucleo,Water,Water,A.acid,Bonding Type,,,,,,,,,,,
A0026,-1240,-102,B0042,acc - don,,,,,,,,,,,
A0026,-1240,-4231,B0038,acc - don,,,,,,,,,,,
A0021,-8454,-2357,B0030,acc - acc,,,,,,,,,,,
A0019,-9183,-2357,B0030,acc - acc,,,,,,,,,,,
A0020,-2357,-9545,B0030,don - acc,,,,,,,,,,,
A0011,-3657,-3185,B0029,acc - don,,,,,,,,,,,
A0012,-3657,-3185,B0029,don - don,,,,,,,,,,,
,,,,,,,,,,,,,,,
78-r5-90k-140k-merged-1527,,,,,,,,,,,,,,,
Nucleo,Water,Water,A.acid,Bonding Type,,,,,,,,,,,
A0026,-1240,-6678,B0042,acc - don,,,,,,,,,,,
A0020,-1406,-1526,B0030,don - acc,,,,,,,,,,,
A0008,-2357,-4788,B0034,acc - don,,,,,,,,,,,
A0005,-4805,-3063,B0035,don - acc,,,,,,,,,,,
A0003,-5231,-8114,B0039,don - don,,,,,,,,,,,
A0024,-5991,-8487,B0039,acc - don,,,,,,,,,,,
A0024,-5991,-8487,B0036,acc - acc,,,,,,,,,,,
A0010,-6440,-8454,B0031,don - don,,,,,,,,,,,
A0010,-6440,-8454,B0031,acc - don,,,,,,,,,,,
A0004,-8114,-8487,B0039,acc - don,,,,,,,,,,,
A0004,-8114,-8487,B0036,acc - acc,,,,,,,,,,,
A0021,-9545,-8454,B0031,acc - don,,,,,,,,,,,
,,,,,,,,,,,,,,,
78-r5-90k-140k-merged-1538,,,,,,,,,,,,,,,
Nucleo,Water,Water,A.acid,Bonding Type,,,,,,,,,,,
A0002,-577,-4302,B0036,acc - don,,,,,,,,,,,
A0004,-840,-1404,B0036,acc - acc,,,,,,,,,,,
A0004,-840,-3063,B0035,acc - acc,,,,,,,,,,,
A0004,-840,-3540,B0035,acc - acc,,,,,,,,,,,
A0004,-840,-6978,B0036,acc - don,,,,,,,,,,,
A0003,-1404,-3984,B0039,don - don,,,,,,,,,,,
A0019,-1980,-1526,B0030,acc - acc,,,,,,,,,,,
A0008,-9545,-1526,B0030,acc - acc,,,,,,,,,,,
A0021,-9545,-1526,B0030,acc - acc,,,,,,,,,,,
A0022,-9545,-1526,B0030,don - acc,,,,,,,,,,,
A0006,-4788,-2357,B0032,acc - don,,,,,,,,,,,
A0006,-4788,-2357,B0032,acc - acc,,,,,,,,,,,
A0008,-4788,-2357,B0032,acc - don,,,,,,,,,,,
A0008,-4788,-2357,B0032,acc - acc,,,,,,,,,,,
A0008,-9545,-2357,B0032,acc - don,,,,,,,,,,,
A0008,-9545,-2357,B0032,acc - acc,,,,,,,,,,,
A0021,-9545,-2357,B0032,acc - don,,,,,,,,,,,
A0021,-9545,-2357,B0032,acc - acc,,,,,,,,,,,
A0022,-9545,-2357,B0032,don - acc,,,,,,,,,,,
A0022,-9545,-2357,B0032,don - don,,,,,,,,,,,
A0005,-3540,-3063,B0035,don - acc,,,,,,,,,,,
A0024,-3063,-3540,B0035,acc - acc,,,,,,,,,,,
A0024,-8114,-3984,B0039,acc - don,,,,,,,,,,,
A0025,-8114,-3984,B0039,acc - don,,,,,,,,,,,
A0025,-8114,-3984,B0039,don - don,,,,,,,,,,,
A0024,-8114,-5991,B0038,acc - don,,,,,,,,,,,
A0025,-8114,-5991,B0038,acc - don,,,,,,,,,,,
A0025,-8114,-5991,B0038,don - don,,,,,,,,,,,
A0010,-6440,-8454,B0031,don - don,,,,,,,,,,,
A0010,-6440,-8454,B0031,acc - don,,,,,,,,,,,
A0003,-8287,-6978,B0036,acc - don,,,,,,,,,,,
A0003,-8287,-7829,B0036,acc - don,,,,,,,,,,,
A0003,-8287,-8487,B0036,acc - don,,,,,,,,,,,
A0008,-9545,-8454,B0031,acc - don,,,,,,,,,,,
A0021,-9545,-8454,B0031,acc - don,,,,,,,,,,,
A0022,-9545,-8454,B0031,don - don,,,,,,,,,,,
,,,,,,,,,,,,,,,
78-r5-90k-140k-merged-1552,,,,,,,,,,,,,,,
Nucleo,Water,Water,A.acid,Bonding Type,,,,,,,,,,,
A0012,-441,-9545,B0029,don - don,,,,,,,,,,,
A0023,-3063,-8114,B0038,don - don,,,,,,,,,,,
A0024,-3063,-8114,B0038,acc - don,,,,,,,,,,,
A0001,-3067,-8283,B0042,acc - don,,,,,,,,,,,
A0001,-3067,-8283,B0039,acc - acc,,,,,,,,,,,
A0004,-3984,-3467,B0036,acc - acc,,,,,,,,,,,
A0019,-4787,-3608,B0030,acc - acc,,,,,,,,,,,
A0020,-4268,-5847,B0033,acc - acc,,,,,,,,,,,
A0006,-4368,-4788,B0032,acc - acc,,,,,,,,,,,
A0008,-4368,-4788,B0032,acc - acc,,,,,,,,,,,
A0006,-4368,-7041,B0034,acc - don,,,,,,,,,,,
A0008,-4368,-7041,B0034,acc - don,,,,,,,,,,,
A0010,-6440,-8454,B0031,don - don,,,,,,,,,,,
A0010,-6440,-8454,B0031,acc - don,,,,,,,,,,,
A0001,-8836,-8283,B0042,acc - don,,,,,,,,,,,
A0001,-8836,-8283,B0039,acc - acc,,,,,,,,,,,
,,,,,,,,,,,,,,,
78-r5-90k-140k-merged-1560,,,,,,,,,,,,,,,
Nucleo,Water,Water,A.acid,Bonding Type,,,,,,,,,,,
A0006,-1487,-2423,B0032,acc - acc,,,,,,,,,,,
A0008,-1487,-2423,B0032,acc - acc,,,,,,,,,,,
A0006,-1487,-4368,B0032,acc - don,,,,,,,,,,,
A0006,-1487,-4368,B0032,acc - acc,,,,,,,,,,,
A0008,-1487,-4368,B0032,acc - don,,,,,,,,,,,
A0008,-1487,-4368,B0032,acc - acc,,,,,,,,,,,
A0020,-2414,-2048,B0030,don - acc,,,,,,,,,,,
A0021,-2048,-2414,B0030,acc - acc,,,,,,,,,,,
A0021,-2048,-8454,B0031,acc - don,,,,,,,,,,,
A0020,-2414,-3608,B0029,don - don,,,,,,,,,,,
A0011,-3608,-2414,B0030,acc - acc,,,,,,,,,,,
A0019,-7820,-2414,B0030,acc - acc,,,,,,,,,,,
A0001,-3216,-4478,B0042,acc - don,,,,,,,,,,,
A0024,-5711,-5138,B0041,acc - don,,,,,,,,,,,
A0024,-5991,-8114,B0035,acc - acc,,,,,,,,,,,
A0024,-5991,-8114,B0036,acc - acc,,,,,,,,,,,
A0003,-7014,-6412,B0042,don - don,,,,,,,,,,,
A0010,-6440,-8454,B0031,don - don,,,,,,,,,,,
A0010,-6440,-8454,B0031,acc - don,,,,,,,,,,,
A0001,-6455,-7900,B0042,acc - don,,,,,,,,,,,
A0001,-6455,-7900,B0039,acc - acc,,,,,,,,,,,
A0004,-7713,-7014,B0042,acc - don,,,,,,,,,,,
A0003,-7713,-7014,B0042,don - don,,,,,,,,,,,
A0002,-8678,-7014,B0042,acc - don,,,,,,,,,,,
A0026,-8678,-7014,B0042,acc - don,,,,,,,,,,,
A0003,-8678,-7014,B0042,don - don,,,,,,,,,,,
,,,,,,,,,,,,,,,
78-r5-90k-140k-merged-1561,,,,,,,,,,,,,,,
Nucleo,Water,Water,A.acid,Bonding Type,,,,,,,,,,,
A0021,-98,-5847,B0036,don - don,,,,,,,,,,,
A0021,-98,-5847,B0036,acc - don,,,,,,,,,,,
A0004,-3211,-727,B0034,acc - acc,,,,,,,,,,,
A0005,-3211,-727,B0034,don - acc,,,,,,,,,,,
A0019,-8135,-751,B0033,acc - don,,,,,,,,,,,
A0019,-8135,-751,B0033,acc - acc,,,,,,,,,,,
A0006,-1487,-862,B0032,acc - acc,,,,,,,,,,,
A0008,-1487,-862,B0032,acc - acc,,,,,,,,,,,
A0011,-2048,-3608,B0029,acc - don,,,,,,,,,,,
A0021,-2048,-3608,B0029,acc - don,,,,,,,,,,,
A0011,-2048,-8454,B0031,acc - don,,,,,,,,,,,
A0021,-2048,-8454,B0031,acc - don,,,,,,,,,,,
A0001,-7900,-2698,B0039,acc - acc,,,,,,,,,,,
A0001,-7900,-2698,B0040,acc - acc,,,,,,,,,,,
A0024,-2737,-5991,B0038,acc - don,,,,,,,,,,,
A0025,-3984,-8417,B0038,don - don,,,,,,,,,,,
A0026,-3984,-8417,B0038,acc - don,,,,,,,,,,,
A0025,-3984,-8678,B0042,don - don,,,,,,,,,,,
A0026,-3984,-8678,B0042,acc - don,,,,,,,,,,,
A0021,-4788,-4322,B0033,acc - don,,,,,,,,,,,
A0021,-4788,-4322,B0033,acc - acc,,,,,,,,,,,
A0021,-4788,-4368,B0032,acc - don,,,,,,,,,,,
A0021,-4788,-4368,B0033,acc - acc,,,,,,,,,,,
A0008,-4368,-4788,B0033,acc - acc,,,,,,,,,,,
A0001,-4908,-6455,B0042,acc - don,,,,,,,,,,,
A0001,-4908,-6455,B0039,acc - acc,,,,,,,,,,,
A0003,-7014,-6412,B0042,don - don,,,,,,,,,,,
A0010,-6440,-8454,B0031,don - don,,,,,,,,,,,
A0010,-6440,-8454,B0031,acc - don,,,,,,,,,,,
A0001,-7900,-6455,B0042,acc - don,,,,,,,,,,,
A0001,-7900,-6455,B0039,acc - acc,,,,,,,,,,,
,,,,,,,,,,,,,,,
78-r5-90k-140k-merged-1562,,,,,,,,,,,,,,,
Nucleo,Water,Water,A.acid,Bonding Type,,,,,,,,,,,
A0004,-727,-136,B0035,acc - acc,,,,,,,,,,,
A0004,-727,-2737,B0035,acc - acc,,,,,,,,,,,
A0004,-727,-4302,B0039,acc - don,,,,,,,,,,,
A0004,-727,-4302,B0036,acc - acc,,,,,,,,,,,
A0020,-6855,-751,B0033,acc - don,,,,,,,,,,,
A0020,-6855,-751,B0033,acc - acc,,,,,,,,,,,
A0008,-1487,-4368,B0032,acc - don,,,,,,,,,,,
A0008,-1487,-4368,B0032,acc - acc,,,,,,,,,,,
A0024,-2737,-4302,B0039,acc - don,,,,,,,,,,,
A0024,-2737,-4302,B0036,acc - acc,,,,,,,,,,,
A0003,-3063,-4302,B0036,don - acc,,,,,,,,,,,
A0003,-3063,-4302,B0039,don - don,,,,,,,,,,,
A0026,-3984,-8417,B0038,acc - don,,,,,,,,,,,
A0026,-3984,-8678,B0042,acc - don,,,,,,,,,,,
A0021,-4788,-4268,B0033,acc - acc,,,,,,,,,,,
A0020,-6855,-4268,B0033,acc - acc,,,,,,,,,,,
A0021,-4788,-8454,B0031,acc - don,,,,,,,,,,,
A0002,-7014,-4908,B0039,acc - acc,,,,,,,,,,,
A0001,-4908,-9068,B0039,acc - acc,,,,,,,,,,,
A0010,-6440,-8454,B0031,don - don,,,,,,,,,,,
A0010,-6440,-8454,B0031,acc - don,,,,,,,,,,,
A0001,-7428,-8228,B0042,acc - don,,,,,,,,,,,
A0026,-8417,-8678,B0042,acc - don,,,,,,,,,,,
,,,,,,,,,,,,,,,
78-r5-90k-140k-merged-1564,,,,,,,,,,,,,,,
Nucleo,Water,Water,A.acid,Bonding Type,,,,,,,,,,,
A0021,-7342,-69,B0036,acc - don,,,,,,,,,,,
A0004,-136,-2737,B0035,acc - acc,,,,,,,,,,,
A0004,-136,-3063,B0039,acc - don,,,,,,,,,,,
A0027,-3354,-491,B0042,don - don,,,,,,,,,,,
A0026,-8678,-491,B0042,acc - don,,,,,,,,,,,
A0001,-9660,-491,B0042,acc - don,,,,,,,,,,,
A0028,-9660,-491,B0042,don - don,,,,,,,,,,,
A0008,-862,-630,B0032,acc - acc,,,,,,,,,,,
A0008,-862,-4368,B0032,acc - don,,,,,,,,,,,
A0007,-2057,-8180,B0029,acc - don,,,,,,,,,,,
A0023,-2737,-4302,B0038,don - don,,,,,,,,,,,
A0024,-4302,-2737,B0035,acc - acc,,,,,,,,,,,
A0025,-4302,-2737,B0035,don - acc,,,,,,,,,,,
A0024,-2737,-4302,B0038,acc - don,,,,,,,,,,,
A0003,-7014,-3063,B0039,don - don,,,,,,,,,,,
A0026,-8678,-3063,B0039,acc - don,,,,,,,,,,,
A0027,-3354,-3984,B0038,don - don,,,,,,,,,,,
A0026,-8678,-3984,B0038,acc - don,,,,,,,,,,,
A0001,-4299,-7900,B0042,acc - don,,,,,,,,,,,
A0001,-4299,-7900,B0039,acc - acc,,,,,,,,,,,
A0025,-4302,-5991,B0041,don - don,,,,,,,,,,,
A0024,-5991,-4302,B0038,acc - don,,,,,,,,,,,
A0024,-4302,-5991,B0041,acc - don,,,,,,,,,,,
A0021,-4788,-4368,B0032,acc - don,,,,,,,,,,,
A0008,-4368,-8454,B0031,acc - don,,,,,,,,,,,
A0021,-4788,-8454,B0031,acc - don,,,,,,,,,,,
A0003,-7014,-5828,B0036,don - acc,,,,,,,,,,,
A0010,-6440,-8454,B0031,don - don,,,,,,,,,,,
A0010,-6440,-8454,B0031,acc - don,,,,,,,,,,,
A0021,-7342,-8717,B0034,acc - acc,,,,,,,,,,,
A0001,-8228,-7900,B0042,acc - don,,,,,,,,,,,
A0001,-8228,-7900,B0039,acc - acc,,,,,,,,,,,
,,,,,,,,,,,,,,,
78-r5-90k-140k-merged-1594,,,,,,,,,,,,,,,
Nucleo,Water,Water,A.acid,Bonding Type,,,,,,,,,,,
A0008,-862,-3174,B0032,acc - don,,,,,,,,,,,
A0008,-862,-3174,B0032,acc - acc,,,,,,,,,,,
A0008,-862,-6539,B0032,acc - acc,,,,,,,,,,,
A0020,-1178,-1110,B0033,acc - acc,,,,,,,,,,,
A0027,-8745,-1195,B0042,don - don,,,,,,,,,,,
A0028,-8745,-1195,B0042,don - don,,,,,,,,,,,
A0026,-3063,-3688,B0039,acc - don,,,,,,,,,,,
A0026,-3063,-3688,B0036,acc - acc,,,,,,,,,,,
A0026,-3984,-3063,B0042,acc - don,,,,,,,,,,,
A0026,-3063,-3984,B0038,acc - don,,,,,,,,,,,
A0003,-5616,-3688,B0036,don - acc,,,,,,,,,,,
A0003,-5616,-3688,B0039,don - don,,,,,,,,,,,
A0002,-7524,-3889,B0039,acc - acc,,,,,,,,,,,
A0024,-8811,-5991,B0041,acc - don,,,,,,,,,,,
A0024,-5991,-8811,B0041,acc - don,,,,,,,,,,,
A0010,-6440,-8454,B0031,don - don,,,,,,,,,,,
A0010,-6440,-8454,B0031,acc - don,,,,,,,,,,,
,,,,,,,,,,,,,,,
78-r5-90k-140k-merged-1606,,,,,,,,,,,,,,,
Nucleo,Water,Water,A.acid,Bonding Type,,,,,,,,,,,
A0001,-1780,-541,B0040,acc - acc,,,,,,,,,,,
A0008,-862,-3174,B0032,acc - don,,,,,,,,,,,
A0008,-862,-3174,B0033,acc - acc,,,,,,,,,,,
A0008,-862,-6539,B0032,acc - acc,,,,,,,,,,,
A0003,-1347,-9304,B0036,don - don,,,,,,,,,,,
A0001,-1780,-7816,B0042,acc - don,,,,,,,,,,,
A0001,-1780,-7816,B0039,acc - acc,,,,,,,,,,,
A0026,-3688,-3063,B0038,acc - don,,,,,,,,,,,
A0021,-8454,-3174,B0032,acc - don,,,,,,,,,,,
A0021,-8454,-3174,B0033,acc - acc,,,,,,,,,,,
A0007,-3203,-8633,B0029,acc - acc,,,,,,,,,,,
A0001,-9208,-4295,B0042,acc - don,,,,,,,,,,,
A0018,-8637,-6898,B0031,acc - acc,,,,,,,,,,,
A0019,-8637,-6898,B0031,acc - acc,,,,,,,,,,,
A0001,-7822,-7816,B0039,don - acc,,,,,,,,,,,
A0001,-7822,-7816,B0042,don - don,,,,,,,,,,,
,,,,,,,,,,,,,,,
78-r5-90k-140k-merged-1607,,,,,,,,,,,,,,,
Nucleo,Water,Water,A.acid,Bonding Type,,,,,,,,,,,
A0001,-4447,-541,B0039,acc - acc,,,,,,,,,,,
A0001,-7816,-541,B0039,acc - acc,,,,,,,,,,,
A0008,-862,-3174,B0033,acc - acc,,,,,,,,,,,
A0008,-862,-6332,B0034,acc - don,,,,,,,,,,,
A0003,-1347,-9304,B0042,don - don,,,,,,,,,,,
A0002,-1347,-9304,B0042,acc - don,,,,,,,,,,,
A0014,-2112,-4210,B0029,don - don,,,,,,,,,,,
A0026,-3688,-3063,B0038,acc - don,,,,,,,,,,,
A0003,-3688,-3063,B0038,don - don,,,,,,,,,,,
A0027,-6681,-3063,B0038,don - don,,,,,,,,,,,
A0011,-6797,-4210,B0029,acc - don,,,,,,,,,,,
A0012,-6797,-4210,B0029,don - don,,,,,,,,,,,
A0027,-6681,-4295,B0042,don - don,,,,,,,,,,,
A0011,-6797,-4741,B0029,acc - don,,,,,,,,,,,
A0012,-6797,-4741,B0029,don - don,,,,,,,,,,,
A0013,-6809,-4741,B0029,acc - don,,,,,,,,,,,
A0003,-7713,-9304,B0042,don - don,,,,,,,,,,,
A0004,-7713,-9304,B0042,acc - don,,,,,,,,,,,
,,,,,,,,,,,,,,,
78-r5-90k-140k-merged-1611,,,,,,,,,,,,,,,
Nucleo,Water,Water,A.acid,Bonding Type,,,,,,,,,,,
A0019,-2421,-109,B0030,acc - acc,,,,,,,,,,,
A0003,-1347,-3688,B0036,don - acc,,,,,,,,,,,
A0020,-4930,-1667,B0033,acc - acc,,,,,,,,,,,
A0004,-2755,-3688,B0036,acc - acc,,,,,,,,,,,
A0024,-2755,-3688,B0036,acc - acc,,,,,,,,,,,
A0004,-2755,-4302,B0038,acc - don,,,,,,,,,,,
A0024,-2755,-4302,B0038,acc - don,,,,,,,,,,,
A0004,-2755,-7713,B0035,acc - acc,,,,,,,,,,,
A0024,-2755,-7713,B0035,acc - acc,,,,,,,,,,,
A0002,-3063,-3688,B0036,acc - acc,,,,,,,,,,,
A0026,-3063,-3688,B0036,acc - acc,,,,,,,,,,,
A0026,-4295,-3063,B0042,acc - don,,,,,,,,,,,
A0002,-3063,-4295,B0038,acc - don,,,,,,,,,,,
A0026,-3063,-4295,B0038,acc - don,,,,,,,,,,,
A0024,-4302,-3688,B0036,acc - acc,,,,,,,,,,,
A0012,-4210,-4990,B0029,don - don,,,,,,,,,,,
A0011,-4210,-4990,B0029,acc - don,,,,,,,,,,,
A0027,-4955,-4295,B0038,don - don,,,,,,,,,,,
A0024,-4302,-5991,B0041,acc - don,,,,,,,,,,,