78-r5-90k-140k-merged-1032,,,,,,,,,,BRIDGE,# OF MUTANT OCCURENCES
Nucleo,Water,A.acid,Bonding Type,,,,,,,,
A0003,-529,B0042,don - don,,A0003B0042,,2,,,A0025B0038,5
A0025,-8252,B0038,don - don,,A0025B0038,,7,,,A0008B0032,6
A0025,-8252,B0042,don - don,,A0025B0042,,1,,,A0011B0029,9
A0008,-7199,B0032,acc - don,,A0008B0032,,8,,,A0024B0038,7
A0008,-7199,B0033,acc - acc,,A0008B0033,,4,,,A0024B0035,7
A0011,-4188,B0029,acc - don,,A0011B0029,,10,,,A0026B0038,8
A0020,-4265,B0033,acc - acc,,A0020B0033,,1,,,,
A0024,-2678,B0038,acc - don,,A0024B0038,,8,,,,
A0024,-2678,B0035,acc - acc,,A0024B0035,,9,,,,
A0024,-5098,B0035,acc - acc,,A0024B0035,,9,,,,
A0026,-8252,B0038,acc - don,,A0026B0038,,9,,,,
A0026,-8252,B0042,acc - don,,A0026B0042,,4,,,,
,,,,,,,0,,,,
78-r5-90k-140k-merged-1035,,,,,,,0,,,,
Nucleo,Water,A.acid,Bonding Type,,,,0,,,,
A0020,-9227,B0032,don - don,,A0020B0032,,1,,,,
A0008,-9087,B0032,acc - acc,,A0008B0032,,8,,,,
A0021,-9227,B0032,acc - don,,A0021B0032,,1,,,,
A0024,-4583,B0038,acc - don,,A0024B0038,,8,,,,
A0024,-4583,B0035,acc - acc,,A0024B0035,,9,,,,
A0024,-4039,B0035,acc - acc,,A0024B0035,,9,,,,
A0026,-8252,B0038,acc - don,,A0026B0038,,9,,,,
A0026,-8252,B0042,acc - don,,A0026B0042,,4,,,,
,,,,,,,0,,,,
78-r5-90k-140k-merged-1414,,,,,,,,,,,
Nucleo,Water,A.acid,Bonding Type,,,,,,,,
A0020,-6938,B0030,don - acc,,A0020B0030,,3,,,,
A0022,-7696,B0033,don - acc,,A0022B0033,,5,,,,
A0027,-210,B0038,don - don,,A0027B0038,,2,,,,
A0008,-6815,B0034,acc - don,,A0008B0034,,3,,,,
A0008,-7696,B0033,acc - acc,,A0008B0033,,4,,,,
A0011,-7060,B0029,acc - don,,A0011B0029,,10,,,,
A0024,-1330,B0041,acc - don,,A0024B0041,,1,,,,
A0024,-7205,B0035,acc - acc,,A0024B0035,,9,,,,
A0026,-620,B0038,acc - don,,A0026B0038,,9,,,,
A0026,-210,B0038,acc - don,,A0026B0038,,9,,,,
A0026,-8224,B0042,acc - don,,A0026B0042,,4,,,,
,,,,,,,,,,,
78-r5-90k-140k-merged-1415,,,,,,,,,,,
Nucleo,Water,A.acid,Bonding Type,,,,,,,,
A0010,-6440,B0031,don - don,,A0010B0031,,1,,,,
A0022,-9094,B0033,don - acc,,A0022B0033,,5,,,,
A0025,-6224,B0036,don - acc,,A0025B0036,,3,,,,
A0025,-6224,B0039,don - don,,A0025B0039,,2,,,,
A0001,-738,B0039,acc - acc,,A0001B0039,,4,,,,
A0001,-738,B0040,acc - acc,,A0001B0040,,1,,,,
A0002,-8224,B0042,acc - don,,A0002B0042,,3,,,,
A0004,-9420,B0035,acc - acc,,A0004B0035,,1,,,,
A0008,-6815,B0034,acc - don,,A0008B0034,,3,,,,
A0008,-9094,B0033,acc - acc,,A0008B0033,,4,,,,
A0011,-7060,B0029,acc - don,,A0011B0029,,10,,,,
A0024,-7205,B0035,acc - acc,,A0024B0035,,9,,,,
A0025,-4380,B0038,acc - don,,A0025B0038,,7,,,,
A0025,-4380,B0036,acc - acc,,A0025B0036,,3,,,,
A0026,-210,B0038,acc - don,,A0026B0038,,9,,,,
A0026,-8224,B0042,acc - don,,A0026B0042,,4,,,,
,,,,,,,,,,,
78-r5-90k-140k-merged-1430,,,,,,,,,,,
Nucleo,Water,A.acid,Bonding Type,,,,,,,,
A0005,-7960,B0035,don - acc,,A0005B0035,,1,,,,
A0020,-6938,B0030,don - acc,,A0020B0030,,3,,,,
A0027,-8178,B0042,don - don,,A0027B0042,,3,,,,
A0008,-9053,B0032,acc - don,,A0008B0032,,8,,,,
A0011,-3412,B0029,acc - don,,A0011B0029,,10,,,,
A0019,-3643,B0030,acc - acc,,A0019B0030,,1,,,,
A0024,-1330,B0038,acc - don,,A0024B0038,,8,,,,
A0024,-4380,B0038,acc - don,,A0024B0038,,8,,,,
A0024,-7960,B0035,acc - acc,,A0024B0035,,9,,,,
A0025,-4380,B0038,acc - don,,A0025B0038,,7,,,,
,,,,,,,,,,,
78-r5-90k-140k-merged-1436,,,,,78-r5-90k-140k-merged-1436,,,,,,
Nucleo,Water,A.acid,Bonding Type,,NucleoA.acid,,4,,,,
A0027,-8829,B0042,don - don,,A0027B0042,,3,,,,
A0002,-8829,B0042,acc - don,,A0002B0042,,3,,,,
A0008,-6815,B0034,acc - don,,A0008B0034,,3,,,,
A0008,-9053,B0032,acc - don,,A0008B0032,,8,,,,
A0011,-3412,B0029,acc - don,,A0011B0029,,10,,,,
A0024,-1330,B0038,acc - don,,A0024B0038,,8,,,,
A0024,-7960,B0035,acc - acc,,A0024B0035,,9,,,,
A0026,-210,B0038,acc - don,,A0026B0038,,9,,,,
,,,,,,,,,,,
78-r5-90k-140k-merged-1439,,,,,,,,,,,
Nucleo,Water,A.acid,Bonding Type,,NucleoA.acid,,4,,,,
A0020,-6395,B0030,don - acc,,A0020B0030,,3,,,,
A0025,-858,B0036,don - acc,,A0025B0036,,3,,,,
A0025,-858,B0039,don - don,,A0025B0039,,2,,,,
A0025,-4380,B0038,don - don,,A0025B0038,,7,,,,
A0008,-9053,B0032,acc - don,,A0008B0032,,8,,,,
A0008,-9053,B0032,acc - acc,,A0008B0032,,8,,,,
A0011,-3412,B0029,acc - don,,A0011B0029,,10,,,,
A0024,-4380,B0038,acc - don,,A0024B0038,,8,,,,
A0024,-7960,B0035,acc - acc,,A0024B0035,,9,,,,
A0024,-7960,B0036,acc - acc,,A0024B0036,,1,,,,
A0025,-4380,B0038,acc - don,,A0025B0038,,7,,,,
,,,,,,,,,,,
78-r5-90k-140k-merged-1461,,,,,,,,,,,
Nucleo,Water,A.acid,Bonding Type,,NucleoA.acid,,4,,,,
A0003,-858,B0042,don - don,,A0003B0042,,2,,,,
A0010,-3217,B0030,don - acc,,A0010B0030,,2,,,,
A0022,-2588,B0033,don - acc,,A0022B0033,,5,,,,
A0001,-1729,B0042,acc - don,,A0001B0042,,1,,,,
A0001,-1729,B0039,acc - acc,,A0001B0039,,4,,,,
A0011,-6868,B0029,acc - don,,A0011B0029,,10,,,,
A0011,-9366,B0029,acc - don,,A0011B0029,,10,,,,
A0024,-1330,B0038,acc - don,,A0024B0038,,8,,,,
A0026,-6469,B0038,acc - don,,A0026B0038,,9,,,,
,,,,,,,,,,,
78-r5-90k-140k-merged-1463,,,,,,,,,,,
Nucleo,Water,A.acid,Bonding Type,,,,,,,,
A0010,-9366,B0029,don - don,,A0010B0029,,1,,,,
A0022,-5097,B0033,don - acc,,A0022B0033,,5,,,,
A0022,-7030,B0037,don - acc,,A0022B0037,,2,,,,
A0025,-730,B0038,don - don,,A0025B0038,,7,,,,
A0027,-6469,B0038,don - don,,A0027B0038,,2,,,,
A0001,-4762,B0039,acc - acc,,A0001B0039,,4,,,,
A0001,-9245,B0039,acc - acc,,A0001B0039,,4,,,,
A0002,-1729,B0042,acc - don,,A0002B0042,,3,,,,
A0002,-1729,B0039,acc - acc,,A0002B0039,,1,,,,
A0008,-9053,B0032,acc - don,,A0008B0032,,8,,,,
A0008,-9053,B0032,acc - acc,,A0008B0032,,8,,,,
A0008,-9053,B0033,acc - acc,,A0008B0033,,4,,,,
A0011,-9366,B0029,acc - don,,A0011B0029,,10,,,,
A0022,-7030,B0037,acc - acc,,A0022B0037,,2,,,,
A0024,-730,B0038,acc - don,,A0024B0038,,8,,,,
A0025,-730,B0038,acc - don,,A0025B0038,,7,,,,
A0026,-6469,B0038,acc - don,,A0026B0038,,9,,,,
,,,,,,,122,,,,
78-r5-90k-140k-merged-1469,,,,,78-r5-90k-140k-merged-1469,,1,,,,
Nucleo,Water,A.acid,Bonding Type,,NucleoA.acid,,4,,,,
A0010,-3977,B0030,don - acc,,A0010B0030,,2,,,,
A0022,-2451,B0033,don - acc,,A0022B0033,,5,,,,
A0027,-5958,B0042,don - don,,A0027B0042,,3,,,,
A0011,-9366,B0029,acc - don,,A0011B0029,,10,,,,
A0011,-3977,B0030,acc - acc,,A0011B0030,,1,,,,
A0021,-9053,B0030,acc - acc,,A0021B0030,,1,,,,
A0026,-6469,B0038,acc - don,,A0026B0038,,9,,,,
,,,,,,,,,,,
78-r5-90k-140k-merged-1471,,,,,,,,,,,
Nucleo,Water,A.acid,Bonding Type,,,,,,,,
A0020,-3977,B0030,don - acc,,,,,,,,
A0025,-730,B0038,don - don,,,,,,,,
A0001,-2453,B0042,acc - don,,,,,,,,
A0008,-7763,B0032,acc - don,,,,,,,,
A0008,-7763,B0033,acc - acc,,,,,,,,
A0011,-9366,B0029,acc - don,,,,,,,,
A0024,-730,B0038,acc - don,,,,,,,,
A0026,-4096,B0038,acc - don,,,,,,,,
,,,,,,,,,,,
78-r5-90k-140k-merged-1474,,,,,,,,,,,
Nucleo,Water,A.acid,Bonding Type,,,,,,,,
A0005,-6654,B0034,don - don,,,,,,,,
A0010,-9366,B0029,don - don,,,,,,,,
A0025,-730,B0038,don - don,,,,,,,,
A0027,-4096,B0038,don - don,,,,,,,,
A0008,-7763,B0032,acc - don,,,,,,,,
A0011,-9366,B0029,acc - don,,,,,,,,
A0024,-730,B0038,acc - don,,,,,,,,
A0026,-4096,B0038,acc - don,,,,,,,,
,,,,,,,,,,,
78-r5-90k-140k-merged-1475,,,,,,,,,,,
Nucleo,Water,A.acid,Bonding Type,,,,,,,,
A0005,-6654,B0034,don - don,,,,,,,,
A0020,-3977,B0030,don - acc,,,,,,,,
A0025,-730,B0038,don - don,,,,,,,,
A0001,-3548,B0042,acc - don,,,,,,,,
A0001,-3548,B0039,acc - acc,,,,,,,,
A0011,-1936,B0029,acc - don,,,,,,,,
A0011,-9366,B0029,acc - don,,,,,,,,
A0021,-3977,B0030,acc - acc,,,,,,,,
A0024,-730,B0038,acc - don,,,,,,,,
A0025,-730,B0038,acc - don,,,,,,,,
A0026,-4096,B0038,acc - don,,,,,,,,
,,,,,,,,,,,
78-r5-90k-140k-merged-1476,,,,,,,,,,,
Nucleo,Water,A.acid,Bonding Type,,,,,,,,
A0005,-6654,B0034,don - don,,,,,,,,
A0010,-9366,B0029,don - don,,,,,,,,
A0025,-730,B0038,don - don,,,,,,,,
A0027,-4096,B0038,don - don,,,,,,,,
A0004,-8709,B0034,acc - don,,,,,,,,
A0011,-9366,B0029,acc - don,,,,,,,,
A0024,-730,B0038,acc - don,,,,,,,,
A0025,-730,B0038,acc - don,,,,,,,,
A0026,-4096,B0038,acc - don,,,,,,,,
,,,,,,,,,,,
78-r5-90k-140k-merged-1478,,,,,,,,,,,
Nucleo,Water,A.acid,Bonding Type,,,,,,,,
A0010,-9053,B0030,don - acc,,,,,,,,
A0010,-9366,B0029,don - don,,,,,,,,
A0012,-9366,B0029,don - don,,,,,,,,
A0027,-4096,B0038,don - don,,,,,,,,
A0011,-9366,B0029,acc - don,,,,,,,,
A0024,-6249,B0038,acc - don,,,,,,,,
A0024,-730,B0038,acc - don,,,,,,,,
A0025,-730,B0038,acc - don,,,,,,,,
A0026,-4096,B0038,acc - don,,,,,,,,
,,,,,,,,,,,
78-r5-90k-140k-merged-1489,,,,,,,,,,,
Nucleo,Water,A.acid,Bonding Type,,,,,,,,
A0005,-2983,B0034,don - don,,,,,,,,
A0010,-300,B0029,don - don,,,,,,,,
A0020,-6568,B0030,don - acc,,,,,,,,
A0022,-461,B0033,don - acc,,,,,,,,
A0022,-461,B0033,don - don,,,,,,,,
A0001,-2453,B0042,acc - don,,,,,,,,
A0001,-2453,B0039,acc - acc,,,,,,,,
A0004,-2983,B0034,acc - don,,,,,,,,
A0011,-300,B0029,acc - don,,,,,,,,
,,,,,,,,,,,
78-r5-90k-140k-merged-1507,,,,,,,,,,,
Nucleo,Water,A.acid,Bonding Type,,,,,,,,
A0020,-2357,B0030,don - acc,,,,,,,,
A0022,-5431,B0033,don - acc,,,,,,,,
A0008,-7512,B0033,acc - acc,,,,,,,,
A0026,-1240,B0038,acc - don,,,,,,,,
,,,,,,,,,,,
78-r5-90k-140k-merged-1509,,,,,,,,,,,
Nucleo,Water,A.acid,Bonding Type,,,,,,,,
A0022,-8393,B0033,don - acc,,,,,,,,
A0025,-8487,B0038,don - don,,,,,,,,
A0001,-1831,B0042,acc - don,,,,,,,,
A0024,-8487,B0038,acc - don,,,,,,,,
A0026,-4231,B0038,acc - don,,,,,,,,
,,,,,,,,,,,
78-r5-90k-140k-merged-1511,,,,,,,,,,,
Nucleo,Water,A.acid,Bonding Type,,,,,,,,
A0012,-3657,B0029,don - don,,,,,,,,
A0020,-2357,B0030,don - acc,,,,,,,,
A0022,-1390,B0033,don - acc,,,,,,,,
A0027,-4231,B0038,don - don,,,,,,,,
A0011,-3657,B0029,acc - don,,,,,,,,
A0026,-4231,B0038,acc - don,,,,,,,,
,,,,,,,,,,,
78-r5-90k-140k-merged-1527,,,,,,,,,,,
Nucleo,Water,A.acid,Bonding Type,,,,,,,,
A0022,-7485,B0033,don - acc,,,,,,,,
A0004,-8114,B0039,acc - don,,,,,,,,
A0008,-2357,B0032,acc - don,,,,,,,,
A0008,-2357,B0032,acc - acc,,,,,,,,
A0022,-6125,B0036,acc - don,,,,,,,,
A0026,-1240,B0038,acc - don,,,,,,,,
,,,,,,,,,,,
78-r5-90k-140k-merged-1538,,,,,,,,,,,
Nucleo,Water,A.acid,Bonding Type,,,,,,,,
A0003,-1404,B0036,don - acc,,,,,,,,
A0005,-3540,B0035,don - acc,,,,,,,,
A0001,-8151,B0042,acc - don,,,,,,,,
A0001,-8151,B0039,acc - acc,,,,,,,,
A0008,-2357,B0032,acc - don,,,,,,,,
A0008,-2357,B0032,acc - acc,,,,,,,,
A0024,-5991,B0038,acc - don,,,,,,,,
A0024,-3063,B0035,acc - acc,,,,,,,,
A0026,-1240,B0038,acc - don,,,,,,,,
,,,,,,,,,,,
78-r5-90k-140k-merged-1552,,,,,,,,,,,
Nucleo,Water,A.acid,Bonding Type,,,,,,,,
A0020,-3608,B0030,don - acc,,,,,,,,
A0001,-8678,B0042,acc - don,,,,,,,,
A0002,-8678,B0042,acc - don,,,,,,,,
A0008,-4788,B0032,acc - acc,,,,,,,,
A0011,-2357,B0029,acc - don,,,,,,,,
A0020,-4268,B0033,acc - don,,,,,,,,
A0024,-8114,B0038,acc - don,,,,,,,,
,,,,,,,,,,,
78-r5-90k-140k-merged-1560,,,,,,,,,,,
Nucleo,Water,A.acid,Bonding Type,,,,,,,,
A0003,-7014,B0042,don - don,,,,,,,,
A0005,-1567,B0034,don - don,,,,,,,,
A0020,-2414,B0030,don - acc,,,,,,,,
A0001,-4908,B0042,acc - don,,,,,,,,
A0001,-4478,B0042,acc - don,,,,,,,,
A0002,-4478,B0042,acc - don,,,,,,,,
A0005,-1567,B0034,acc - don,,,,,,,,
A0008,-4368,B0032,acc - don,,,,,,,,
A0008,-4368,B0032,acc - acc,,,,,,,,
A0011,-3608,B0029,acc - don,,,,,,,,
A0021,-2048,B0030,acc - acc,,,,,,,,
A0021,-4788,B0033,acc - acc,,,,,,,,
A0024,-5711,B0038,acc - don,,,,,,,,
,,,,,,,,,,,
78-r5-90k-140k-merged-1561,,,,,,,,,,,
Nucleo,Water,A.acid,Bonding Type,,,,,,,,
A0025,-5991,B0038,don - don,,,,,,,,
A0001,-7900,B0042,acc - don,,,,,,,,
A0002,-8678,B0042,acc - don,,,,,,,,
A0005,-5620,B0034,acc - don,,,,,,,,
A0008,-4368,B0032,acc - don,,,,,,,,
A0008,-4368,B0033,acc - acc,,,,,,,,
A0011,-3608,B0029,acc - don,,,,,,,,
A0021,-4788,B0033,acc - acc,,,,,,,,
A0024,-5991,B0038,acc - don,,,,,,,,
A0026,-8417,B0038,acc - don,,,,,,,,
,,,,,,,,,,,
78-r5-90k-140k-merged-1562,,,,,,,,,,,
Nucleo,Water,A.acid,Bonding Type,,,,,,,,
A0025,-5991,B0038,don - don,,,,,,,,
A0001,-4908,B0039,acc - acc,,,,,,,,
A0001,-8228,B0042,acc - don,,,,,,,,
A0008,-4368,B0032,acc - don,,,,,,,,
A0008,-4368,B0032,acc - acc,,,,,,,,
A0011,-2048,B0029,acc - don,,,,,,,,
A0024,-5991,B0038,acc - don,,,,,,,,
A0024,-2737,B0035,acc - acc,,,,,,,,
A0025,-5991,B0038,acc - don,,,,,,,,
A0026,-8417,B0038,acc - don,,,,,,,,
,,,,,,,,,,,
78-r5-90k-140k-merged-1564,,,,,,,,,,,
Nucleo,Water,A.acid,Bonding Type,,,,,,,,
A0023,-2737,B0035,don - acc,,,,,,,,
A0025,-4302,B0038,don - don,,,,,,,,
A0001,-8228,B0042,acc - don,,,,,,,,
A0001,-8228,B0039,acc - acc,,,,,,,,
A0004,-3063,B0039,acc - don,,,,,,,,
A0007,-2057,B0029,acc - don,,,,,,,,
A0007,-2057,B0029,acc - acc,,,,,,,,
A0008,-4368,B0032,acc - don,,,,,,,,
A0024,-4302,B0038,acc - don,,,,,,,,
A0024,-5991,B0041,acc - don,,,,,,,,
A0024,-2737,B0035,acc - acc,,,,,,,,
A0026,-3984,B0038,acc - don,,,,,,,,
,,,,,,,,,,,
78-r5-90k-140k-merged-1594,,,,,,,,,,,
Nucleo,Water,A.acid,Bonding Type,,,,,,,,
A0005,-7713,B0035,don - acc,,,,,,,,
A0020,-3717,B0030,don - acc,,,,,,,,
A0022,-1110,B0033,don - acc,,,,,,,,
A0008,-3174,B0032,acc - don,,,,,,,,
A0008,-3174,B0032,acc - acc,,,,,,,,
A0024,-8811,B0041,acc - don,,,,,,,,
A0024,-5991,B0041,acc - don,,,,,,,,
A0024,-7713,B0035,acc - acc,,,,,,,,
A0026,-3984,B0038,acc - don,,,,,,,,
A0026,-3063,B0042,acc - don,,,,,,,,
,,,,,,,,,,,
78-r5-90k-140k-merged-1606,,,,,,,,,,,
Nucleo,Water,A.acid,Bonding Type,,,,,,,,
A0005,-2755,B0035,don - acc,,,,,,,,
A0022,-3620,B0033,don - acc,,,,,,,,
A0022,-2622,B0037,don - don,,,,,,,,
A0027,-3063,B0038,don - don,,,,,,,,
A0001,-1780,B0042,acc - don,,,,,,,,
A0007,-3203,B0029,acc - don,,,,,,,,
A0011,-4210,B0029,acc - don,,,,,,,,
A0011,-4741,B0029,acc - don,,,,,,,,
A0022,-2622,B0037,acc - don,,,,,,,,
A0024,-2755,B0035,acc - acc,,,,,,,,
A0026,-3063,B0038,acc - don,,,,,,,,
,,,,,,,,,,,
78-r5-90k-140k-merged-1607,,,,,,,,,,,
Nucleo,Water,A.acid,Bonding Type,,,,,,,,
A0005,-4303,B0034,don - don,,,,,,,,
A0022,-2622,B0037,don - don,,,,,,,,
A0001,-7816,B0042,acc - don,,,,,,,,
A0002,-9304,B0042,acc - don,,,,,,,,
A0011,-4741,B0029,acc - don,,,,,,,,
A0019,-6216,B0033,acc - don,,,,,,,,
A0022,-2622,B0037,acc - don,,,,,,,,
A0024,-4302,B0038,acc - don,,,,,,,,
A0024,-2755,B0035,acc - acc,,,,,,,,
A0024,-2755,B0036,acc - acc,,,,,,,,
A0025,-4302,B0038,acc - don,,,,,,,,
A0026,-3063,B0038,acc - don,,,,,,,,
,,,,,,,,,,,
78-r5-90k-140k-merged-1611,,,,,,,,,,,
Nucleo,Water,A.acid,Bonding Type,,,,,,,,
A0005,-7713,B0035,don - acc,,,,,,,,
A0022,-1667,B0033,don - acc,,,,,,,,
A0022,-2622,B0037,don - don,,,,,,,,
A0002,-3063,B0042,acc - don,,,,,,,,
A0006,-7713,B0035,acc - acc,,,,,,,,
A0024,-4302,B0038,acc - don,,,,,,,,
A0026,-4295,B0038,acc - don,,,,,,,,
A0026,-3063,B0042,acc - don,,,,,,,,